CREATE TABLE IF NOT EXISTS HotelChain (
    chainName VARCHAR(255) UNIQUE NOT NULL,
    address VARCHAR(255),
    numberOfHotels INT CHECK (numberOfHotels >= 0),
    contactEmail VARCHAR(255),
    phoneNumber VARCHAR(20),
    PRIMARY KEY (chainName)
);

CREATE TABLE IF NOT EXISTS Hotel (
    address VARCHAR(255) UNIQUE NOT NULL,
    contactEmail VARCHAR(255),
    phoneNumber VARCHAR(20),
    numberOfRooms INT CHECK (numberOfRooms >= 0),
    rating INT CHECK (rating BETWEEN 1 AND 5),
    chainName VARCHAR(255) NOT NULL,
	managerID TEXT UNIQUE,
    PRIMARY KEY (address),
    FOREIGN KEY (chainName) REFERENCES HotelChain (chainName) ON DELETE CASCADE
);

CREATE TABLE IF NOT EXISTS Room (
    roomNumber INT CHECK (roomNumber >= 0) UNIQUE NOT NULL,
    price float,
    amenities VARCHAR(255),
    problems VARCHAR(255),
    extendable BOOLEAN,
    viewType VARCHAR(255),
    capacity INT,
    hotelAddress VARCHAR(255) NOT NULL,
    PRIMARY KEY (roomNumber),
    FOREIGN KEY (hotelAddress) REFERENCES Hotel (address) ON DELETE CASCADE,
    UNIQUE (roomNumber, hotelAddress)
);

CREATE TABLE IF NOT EXISTS Employee (
	SSN TEXT NOT NULL UNIQUE CHECK (SSN ~ '^[0-9]{9}$'),
	fullName VARCHAR(255),
	address VARCHAR(255),
	jobPosition VARCHAR(255),
	hotelID VARCHAR(255) NOT NULL,
	PRIMARY KEY (SSN)
);

CREATE TABLE IF NOT EXISTS Customer (
	customerID VARCHAR(255) UNIQUE NOT NULL,
	fullName VARCHAR(255) NOT NULL,
	address VARCHAR(255),
	dateOfRegistration TIMESTAMPTZ DEFAULT CURRENT_TIMESTAMP,
	PRIMARY KEY (customerID)
);

CREATE TABLE IF NOT EXISTS Booking (
	bookingID SERIAL,
	startDate TIMESTAMPTZ,
	endDate TIMESTAMPTZ,
	roomNumber INT NOT NULL,
	customerID VARCHAR(255) NOT NULL,
	PRIMARY KEY (bookingID),
	FOREIGN KEY (roomNumber) REFERENCES Room (roomNumber) ON DELETE CASCADE,
	FOREIGN KEY (customerID) REFERENCES Customer (customerID) ON DELETE CASCADE
);

CREATE TABLE IF NOT EXISTS Renting (
	rentingID SERIAL,
	paymentInformation VARCHAR(255),
	startDate TIMESTAMPTZ,
	endDate TIMESTAMPTZ,
	employeeID TEXT NOT NULL,
	customerID VARCHAR(255) NOT NULL,
	roomNumber INT NOT NULL,
	bookingID INT,
	PRIMARY KEY (rentingID),
	FOREIGN KEY (employeeID) REFERENCES Employee (SSN) ON DELETE SET NULL,
	FOREIGN KEY (customerID) REFERENCES Customer (customerID) ON DELETE CASCADE,
	FOREIGN KEY (roomNumber) REFERENCES Room (roomNumber) ON DELETE CASCADE,
	FOREIGN KEY (bookingID) REFERENCES Booking (bookingID) ON DELETE SET NULL
);

ALTER TABLE Hotel 
ADD FOREIGN KEY (managerID) REFERENCES Employee (SSN) ON DELETE SET NULL;

ALTER TABLE Employee
ADD FOREIGN KEY (hotelID) REFERENCES Hotel (address) ON DELETE SET NULL;

/* FUNCTION DEFINITIONS */

CREATE OR REPLACE FUNCTION set_hotel_manager()
RETURNS TRIGGER AS $$
BEGIN 
	IF NEW.jobPosition = 'Manager' THEN
		UPDATE Hotel
		SET managerID = NEW.SSN
		WHERE address = NEW.hotelID;
	END IF;
	RETURN NEW;
END;
$$ LANGUAGE plpgsql;

CREATE TRIGGER set_hotel_manager_trigger
AFTER INSERT ON EMPLOYEE
FOR EACH ROW
EXECUTE FUNCTION set_hotel_manager();

/* DATA INSERTIONS */

/* Hotel Chains */
INSERT INTO HotelChain (chainName, address, numberOfHotels, contactEmail, phoneNumber) VALUES
('Marriotte International', '100 Marriotte Blvd, Bethesda, MD', 8, 'contact@marriotte.com', '800-123-4567'),
('Hyatt Regency Inn', '200 Hyatt Lane, Chicago, IL', 8, 'info@hyattregency.com', '888-234-5678'),
('Hiltun Hotels', '300 Hiltun Ave, McLean, VA', 8, 'support@hiltun.com', '877-345-6789'),
('Sheratun Group', '400 Sheratun Rd, Phoenix, AZ', 8, 'hello@sheratun.com', '866-456-7890'),
('InterConti Resorts', '500 InterConti Dr, Denham, UK', 8, 'resorts@interconti.com', '855-567-8901');

/* Hotels */

INSERT INTO Hotel (address, contactEmail, phoneNumber, numberOfRooms, rating, chainName) VALUES
('123 Broadway, NYC', 'nyc1@marriotte.com', '212-111-2222', 5, 5, 'Marriotte International'),
('456 5th Ave, NYC', 'nyc2@marriotte.com', '212-333-4444', 5, 4, 'Marriotte International'),
('789 Sunset Blvd, LA', 'la@marriotte.com', '310-555-6666', 5, 5, 'Marriotte International'),
('101 Ocean Dr, Miami', 'miami@marriotte.com', '305-777-8888', 5, 4, 'Marriotte International'),
('202 Michigan Ave, Chicago', 'chicago@marriotte.com', '312-999-0000', 5, 3, 'Marriotte International'),
('1 Champs-Élysées, Paris', 'paris@marriotte.com', '+33-1-4999-0000', 5, 5, 'Marriotte International'),
('50 Kensington Rd, London', 'london@marriotte.com', '+44-20-7222-1234', 5, 4, 'Marriotte International'),
('100 Harbour Front, Singapore', 'singapore@marriotte.com', '+65-6123-4567', 5, 5, 'Marriotte International'),
('200 Granville St, Vancouver', 'vancouver@hyatt.com', '604-222-3333', 5, 4, 'Hyatt Regency Inn'),
('300 Granville St, Vancouver', 'vancouver2@hyatt.com', '604-444-5555', 5, 3, 'Hyatt Regency Inn'),
('500 Bourke St, Melbourne', 'melbourne@hyatt.com', '+61-3-9666-1234', 5, 4, 'Hyatt Regency Inn'),
('1 Circular Quay, Sydney', 'sydney@hyatt.com', '+61-2-9256-4321', 5, 5, 'Hyatt Regency Inn'),
('1500 K St NW, Washington', 'dc@hyatt.com', '202-123-4567', 5, 4, 'Hyatt Regency Inn'),
('88 Queens Quay W, Toronto', 'toronto@hyatt.com', '416-222-3333', 5, 4, 'Hyatt Regency Inn'),
('123 Las Vegas Blvd, Vegas', 'vegas@hyatt.com', '702-999-8888', 5, 5, 'Hyatt Regency Inn'),
('400 Pike St, Seattle', 'seattle@hyatt.com', '206-333-4444', 5, 3, 'Hyatt Regency Inn'),
('200 Rue du Faubourg, Paris', 'paris@hiltun.com', '+33-1-4000-1234', 5, 5, 'Hiltun Hotels'),
('300 Rue du Faubourg, Paris', 'paris2@hiltun.com', '+33-1-4000-5678', 5, 4, 'Hiltun Hotels'),
('1 Shinjuku, Tokyo', 'tokyo@hiltun.com', '+81-3-1234-5678', 5, 5, 'Hiltun Hotels'),
('5 Ginza, Tokyo', 'tokyo2@hiltun.com', '+81-3-8765-4321', 5, 4, 'Hiltun Hotels'),
('10 Collins St, Melbourne', 'melbourne@hiltun.com', '+61-3-1111-2222', 5, 4, 'Hiltun Hotels'),
('50 George St, Sydney', 'sydney@hiltun.com', '+61-2-3333-4444', 5, 5, 'Hiltun Hotels'),
('100 Orchard Rd, Singapore', 'singapore@hiltun.com', '+65-6123-1234', 5, 5, 'Hiltun Hotels'),
('8 Connaught Rd, Hong Kong', 'hongkong@hiltun.com', '+852-2123-4567', 5, 4, 'Hiltun Hotels'),
('1 Palm Jumeirah, Dubai', 'dubai@sheratun.com', '+971-4-111-2222', 5, 5, 'Sheratun Group'),
('50 Corniche Rd, Abu Dhabi', 'abudhabi@sheratun.com', '+971-2-333-4444', 5, 4, 'Sheratun Group'),
('200 Collins St, Melbourne', 'melbourne@sheratun.com', '+61-3-5555-6666', 5, 4, 'Sheratun Group'),
('100 Flinders St, Melbourne', 'melbourne2@sheratun.com', '+61-3-7777-8888', 5, 3, 'Sheratun Group'),
('5 Raffles Ave, Singapore', 'singapore@sheratun.com', '+65-6123-9999', 5, 5, 'Sheratun Group'),
('1 Beach Rd, Cape Town', 'capetown@sheratun.com', '+27-21-123-4567', 5, 4, 'Sheratun Group'),
('10 Victoria Embankment, London', 'london@sheratun.com', '+44-20-7777-8888', 5, 5, 'Sheratun Group'),
('400 Michigan Ave, Chicago', 'chicago@sheratun.com', '312-123-4567', 5, 4, 'Sheratun Group'),
('1 Bayfront Ave, Singapore', 'singapore@interconti.com', '+65-6123-0000', 5, 5, 'InterConti Resorts'),
('30 Raffles Ave, Singapore', 'singapore2@interconti.com', '+65-6123-1111', 5, 4, 'InterConti Resorts'),
('100 Queen St, Auckland', 'auckland@interconti.com', '+64-9-222-3333', 5, 4, 'InterConti Resorts'),
('50 Darling Harbour, Sydney', 'sydney@interconti.com', '+61-2-4444-5555', 5, 5, 'InterConti Resorts'),
('200 Robson St, Vancouver', 'vancouver@interconti.com', '604-555-6666', 5, 4, 'InterConti Resorts'),
('300 Robson St, Vancouver', 'vancouver2@interconti.com', '604-777-8888', 5, 3, 'InterConti Resorts'),
('1 Queen St, Brisbane', 'brisbane@interconti.com', '+61-7-9999-0000', 5, 4, 'InterConti Resorts'),
('50 Kurr a Beach, Gold Coast', 'goldcoast@interconti.com', '+61-7-1111-2222', 5, 5, 'InterConti Resorts');

/* Employees */

INSERT INTO Employee (SSN, fullName, address, jobPosition, hotelID) VALUES
(100000001, 'James Carter', '123 Broadway, NYC', 'Manager', '123 Broadway, NYC'),
(100000002, 'Emily Johnson', '456 5th Ave, NYC', 'Receptionist', '456 5th Ave, NYC'),
(100000003, 'Michael Brown', '789 Elm St, NYC', 'Housekeeper', '123 Broadway, NYC'),
(100000004, 'Sarah Davis', '321 Oak St, NYC', 'Concierge', '123 Broadway, NYC'),
(100000005, 'David Wilson', '654 Pine St, NYC', 'Chef', '123 Broadway, NYC'),
(100000006, 'Olivia Martinez', '456 5th Ave, NYC', 'Manager', '456 5th Ave, NYC'),
(100000007, 'Daniel Anderson', '789 Maple St, NYC', 'Receptionist', '456 5th Ave, NYC'),
(100000008, 'Sophia Thomas', '321 Birch St, NYC', 'Housekeeper', '456 5th Ave, NYC'),
(100000009, 'Matthew Taylor', '654 Cedar St, NYC', 'Concierge', '456 5th Ave, NYC'),
(100000010, 'Emma White', '987 Spruce St, NYC', 'Chef', '456 5th Ave, NYC'),
(100000011, 'Ethan Clark', '789 Sunset Blvd, LA', 'Manager', '789 Sunset Blvd, LA'),
(100000012, 'Ava Rodriguez', '101 Hollywood Blvd, LA', 'Receptionist', '789 Sunset Blvd, LA'),
(100000013, 'Noah Lewis', '202 Vine St, LA', 'Housekeeper', '789 Sunset Blvd, LA'),
(100000014, 'Isabella Lee', '303 Melrose Ave, LA', 'Concierge', '789 Sunset Blvd, LA'),
(100000015, 'Mason Walker', '404 Sunset Rd, LA', 'Chef', '789 Sunset Blvd, LA'),
(100000016, 'Charlotte Hall', '101 Ocean Dr, Miami', 'Manager', '101 Ocean Dr, Miami'),
(100000017, 'Benjamin Allen', '200 Collins Ave, Miami', 'Receptionist', '101 Ocean Dr, Miami'),
(100000018, 'Amelia Young', '300 Biscayne Blvd, Miami', 'Housekeeper', '101 Ocean Dr, Miami'),
(100000019, 'Lucas King', '400 Alton Rd, Miami', 'Concierge', '101 Ocean Dr, Miami'),
(100000020, 'Mia Wright', '500 Lincoln Ln, Miami', 'Chef', '101 Ocean Dr, Miami'),
(100000021, 'William Green', '202 Michigan Ave, Chicago', 'Manager', '202 Michigan Ave, Chicago'),
(100000022, 'Harper Hill', '300 Wacker Dr, Chicago', 'Receptionist', '202 Michigan Ave, Chicago'),
(100000023, 'Elijah Adams', '400 State St, Chicago', 'Housekeeper', '202 Michigan Ave, Chicago'),
(100000024, 'Abigail Scott', '500 Clark St, Chicago', 'Concierge', '202 Michigan Ave, Chicago'),
(100000025, 'Alexander Nelson', '600 Randolph St, Chicago', 'Chef', '202 Michigan Ave, Chicago'),
(100000026, 'Sophia Baker', '1 Champs-Élysées, Paris', 'Manager', '1 Champs-Élysées, Paris'),
(100000027, 'Jacob Mitchell', '10 Rue de Rivoli, Paris', 'Receptionist', '1 Champs-Élysées, Paris'),
(100000028, 'Evelyn Perez', '20 Avenue Montaigne, Paris', 'Housekeeper', '1 Champs-Élysées, Paris'),
(100000029, 'Daniel Roberts', '30 Boulevard Haussmann, Paris', 'Concierge', '1 Champs-Élysées, Paris'),
(100000030, 'Elizabeth Turner', '40 Rue de la Paix, Paris', 'Chef', '1 Champs-Élysées, Paris'),
(100000031, 'Michael Harris', '50 Kensington Rd, London', 'Manager', '50 Kensington Rd, London'),
(100000032, 'Sofia Martinez', '100 Oxford St, London', 'Receptionist', '50 Kensington Rd, London'),
(100000033, 'Alexander Moore', '200 Regent St, London', 'Housekeeper', '50 Kensington Rd, London'),
(100000034, 'Mia Jackson', '300 Piccadilly, London', 'Concierge', '50 Kensington Rd, London'),
(100000035, 'James Thompson', '400 Strand, London', 'Chef', '50 Kensington Rd, London'),
(100000036, 'Emily White', '100 Harbour Front, Singapore', 'Manager', '100 Harbour Front, Singapore'),
(100000037, 'David Martin', '200 Orchard Rd, Singapore', 'Receptionist', '100 Harbour Front, Singapore'),
(100000038, 'Charlotte Garcia', '300 Marina Bay, Singapore', 'Housekeeper', '100 Harbour Front, Singapore'),
(100000039, 'Benjamin Martinez', '400 Sentosa Dr, Singapore', 'Concierge', '100 Harbour Front, Singapore'),
(100000040, 'Amelia Davis', '500 Clarke Quay, Singapore', 'Chef', '100 Harbour Front, Singapore'),
(100000041, 'Liam Wilson', '200 Granville St, Vancouver', 'Manager', '200 Granville St, Vancouver'),
(100000042, 'Charlotte Anderson', '300 Robson St, Vancouver', 'Receptionist', '200 Granville St, Vancouver'),
(100000043, 'Lucas Brown', '400 Georgia St, Vancouver', 'Housekeeper', '200 Granville St, Vancouver'),
(100000044, 'Evelyn Davis', '500 Burrard St, Vancouver', 'Concierge', '200 Granville St, Vancouver'),
(100000045, 'Henry Miller', '600 Hastings St, Vancouver', 'Chef', '200 Granville St, Vancouver'),
(100000046, 'Oliver Taylor', '300 Granville St, Vancouver', 'Manager', '300 Granville St, Vancouver'),
(100000047, 'Amelia Thomas', '400 Howe St, Vancouver', 'Receptionist', '300 Granville St, Vancouver'),
(100000048, 'Ethan Wilson', '500 Granville Isl, Vancouver', 'Housekeeper', '300 Granville St, Vancouver'),
(100000049, 'Sophia Moore', '600 Yaletown Rd, Vancouver', 'Concierge', '300 Granville St, Vancouver'),
(100000050, 'Mason Jackson', '700 Coal Harbour, Vancouver', 'Chef', '300 Granville St, Vancouver'),
(100000051, 'Lucas Harris', '500 Bourke St, Melbourne', 'Manager', '500 Bourke St, Melbourne'),
(100000052, 'Chloe Clark', '600 Flinders St, Melbourne', 'Receptionist', '500 Bourke St, Melbourne'),
(100000053, 'Alexander Lee', '700 Collins St, Melbourne', 'Housekeeper', '500 Bourke St, Melbourne'),
(100000054, 'Grace Walker', '800 Swanston St, Melbourne', 'Concierge', '500 Bourke St, Melbourne'),
(100000055, 'Daniel Young', '900 Chapel St, Melbourne', 'Chef', '500 Bourke St, Melbourne'),
(100000056, 'Emma Hall', '1 Circular Quay, Sydney', 'Manager', '1 Circular Quay, Sydney'),
(100000057, 'Logan Allen', '200 George St, Sydney', 'Receptionist', '1 Circular Quay, Sydney'),
(100000058, 'Zoe King', '300 Pitt St, Sydney', 'Housekeeper', '1 Circular Quay, Sydney'),
(100000059, 'Nathan Wright', '400 Darling Harbour, Sydney', 'Concierge', '1 Circular Quay, Sydney'),
(100000060, 'Hannah Lopez', '500 Macquarie St, Sydney', 'Chef', '1 Circular Quay, Sydney'),
(100000061, 'Aiden Scott', '1500 K St NW, Washington', 'Manager', '1500 K St NW, Washington'),
(100000062, 'Ella Adams', '1600 Pennsylvania Ave, Washington', 'Receptionist', '1500 K St NW, Washington'),
(100000063, 'Samuel Green', '1700 Constitution Ave, Washington', 'Housekeeper', '1500 K St NW, Washington'),
(100000064, 'Scarlett Nelson', '1800 Independence Ave, Washington', 'Concierge', '1500 K St NW, Washington'),
(100000065, 'Joseph Hill', '1900 Capitol Hill, Washington', 'Chef', '1500 K St NW, Washington'),
(100000066, 'Lily Turner', '88 Queens Quay W, Toronto', 'Manager', '88 Queens Quay W, Toronto'),
(100000067, 'Gabriel Perez', '100 Yonge St, Toronto', 'Receptionist', '88 Queens Quay W, Toronto'),
(100000068, 'Victoria Roberts', '200 Bay St, Toronto', 'Housekeeper', '88 Queens Quay W, Toronto'),
(100000069, 'Ryan Mitchell', '300 Front St, Toronto', 'Concierge', '88 Queens Quay W, Toronto'),
(100000070, 'Penelope Baker', '400 King St, Toronto', 'Chef', '88 Queens Quay W, Toronto'),
(100000071, 'Jackson Adams', '123 Las Vegas Blvd, Vegas', 'Manager', '123 Las Vegas Blvd, Vegas'),
(100000072, 'Addison Rivera', '456 Fremont St, Vegas', 'Receptionist', '123 Las Vegas Blvd, Vegas'),
(100000073, 'Caleb Ward', '789 Strip Rd, Vegas', 'Housekeeper', '123 Las Vegas Blvd, Vegas'),
(100000074, 'Natalie Foster', '321 Casino Dr, Vegas', 'Concierge', '123 Las Vegas Blvd, Vegas'),
(100000075, 'Levi Simmons', '654 Showboat Ln, Vegas', 'Chef', '123 Las Vegas Blvd, Vegas'),
(100000076, 'Hazel Bennett', '400 Pike St, Seattle', 'Manager', '400 Pike St, Seattle'),
(100000077, 'Julian Reed', '500 1st Ave, Seattle', 'Receptionist', '400 Pike St, Seattle'),
(100000078, 'Eleanor Brooks', '600 2nd Ave, Seattle', 'Housekeeper', '400 Pike St, Seattle'),
(100000079, 'Landon Morgan', '700 3rd Ave, Seattle', 'Concierge', '400 Pike St, Seattle'),
(100000080, 'Stella Coleman', '800 4th Ave, Seattle', 'Chef', '400 Pike St, Seattle'),
(100000081, 'Owen Murphy', '200 Rue du Faubourg, Paris', 'Manager', '200 Rue du Faubourg, Paris'),
(100000082, 'Aurora Gray', '10 Avenue des Champs, Paris', 'Receptionist', '200 Rue du Faubourg, Paris'),
(100000083, 'Carter Hughes', '20 Rue de la Pompe, Paris', 'Housekeeper', '200 Rue du Faubourg, Paris'),
(100000084, 'Nova Bryant', '30 Boulevard Saint-Germain, Paris', 'Concierge', '200 Rue du Faubourg, Paris'),
(100000085, 'Ellie Russell', '40 Place Vendôme, Paris', 'Chef', '200 Rue du Faubourg, Paris'),
(100000086, 'Wyatt Price', '300 Rue du Faubourg, Paris', 'Manager', '300 Rue du Faubourg, Paris'),
(100000087, 'Clara Diaz', '50 Rue de Rivoli, Paris', 'Receptionist', '300 Rue du Faubourg, Paris'),
(100000088, 'Dominic Barnes', '60 Rue de Vaugirard, Paris', 'Housekeeper', '300 Rue du Faubourg, Paris'),
(100000089, 'Lydia Fisher', '70 Avenue Foch, Paris', 'Concierge', '300 Rue du Faubourg, Paris'),
(100000090, 'Ezra Henderson', '80 Rue de Passy, Paris', 'Chef', '300 Rue du Faubourg, Paris'),
(100000091, 'Hudson Powell', '1 Shinjuku, Tokyo', 'Manager', '1 Shinjuku, Tokyo'),
(100000092, 'Violet Myers', '2 Shibuya Crossing, Tokyo', 'Receptionist', '1 Shinjuku, Tokyo'),
(100000093, 'Asher Sanders', '3 Akihabara St, Tokyo', 'Housekeeper', '1 Shinjuku, Tokyo'),
(100000094, 'Bella Long', '4 Roppongi Hills, Tokyo', 'Concierge', '1 Shinjuku, Tokyo'),
(100000095, 'Eli Coleman', '5 Ginza Plaza, Tokyo', 'Chef', '1 Shinjuku, Tokyo'),
(100000096, 'Lincoln Foster', '5 Ginza, Tokyo', 'Manager', '5 Ginza, Tokyo'),
(100000097, 'Hannah Simmons', '6 Asakusa Rd, Tokyo', 'Receptionist', '5 Ginza, Tokyo'),
(100000098, 'Elias Patterson', '7 Ueno Park, Tokyo', 'Housekeeper', '5 Ginza, Tokyo'),
(100000099, 'Nora Flores', '8 Odaiba Bay, Tokyo', 'Concierge', '5 Ginza, Tokyo'),
(100000100, 'Max Wells', '9 Ikebukuro Ave, Tokyo', 'Chef', '5 Ginza, Tokyo'),
(100000101, 'Ezekiel Murray', '10 Collins St, Melbourne', 'Manager', '10 Collins St, Melbourne'),
(100000102, 'Luna Gibson', '20 Spencer St, Melbourne', 'Receptionist', '10 Collins St, Melbourne'),
(100000103, 'Silas Woods', '30 Bourke St, Melbourne', 'Housekeeper', '10 Collins St, Melbourne'),
(100000104, 'Ruby Jordan', '40 Lonsdale St, Melbourne', 'Concierge', '10 Collins St, Melbourne'),
(100000105, 'Theo Fox', '50 Flinders Ln, Melbourne', 'Chef', '10 Collins St, Melbourne'),
(100000106, 'Miles Hayes', '50 George St, Sydney', 'Manager', '50 George St, Sydney'),
(100000107, 'Alice West', '60 Martin Place, Sydney', 'Receptionist', '50 George St, Sydney'),
(100000108, 'Jasper Cole', '70 York St, Sydney', 'Housekeeper', '50 George St, Sydney'),
(100000109, 'Ivy Chavez', '80 Market St, Sydney', 'Concierge', '50 George St, Sydney'),
(100000110, 'Micah Ramos', '90 Castlereagh St, Sydney', 'Chef', '50 George St, Sydney'),
(100000111, 'Rowan Owens', '100 Orchard Rd, Singapore', 'Manager', '100 Orchard Rd, Singapore'),
(100000112, 'Elise Porter', '200 Tanglin Rd, Singapore', 'Receptionist', '100 Orchard Rd, Singapore'),
(100000113, 'Finn Bryant', '300 River Valley Rd, Singapore', 'Housekeeper', '100 Orchard Rd, Singapore'),
(100000114, 'Maya Fletcher', '400 Holland Ave, Singapore', 'Concierge', '100 Orchard Rd, Singapore'),
(100000115, 'Jude Alexander', '500 Bukit Timah Rd, Singapore', 'Chef', '100 Orchard Rd, Singapore'),
(100000116, 'Declan Griffin', '8 Connaught Rd, Hong Kong', 'Manager', '8 Connaught Rd, Hong Kong'),
(100000117, 'Freya Sharp', '20 Nathan Rd, Hong Kong', 'Receptionist', '8 Connaught Rd, Hong Kong'),
(100000118, 'Rhys Stokes', '30 Peak Rd, Hong Kong', 'Housekeeper', '8 Connaught Rd, Hong Kong'),
(100000119, 'Lila Cross', '40 Aberdeen St, Hong Kong', 'Concierge', '8 Connaught Rd, Hong Kong'),
(100000120, 'Kai Gallagher', '50 Stanley Market, Hong Kong', 'Chef', '8 Connaught Rd, Hong Kong'),
(100000121, 'Arlo Walsh', '1 Palm Jumeirah, Dubai', 'Manager', '1 Palm Jumeirah, Dubai'),
(100000122, 'Maeve Howell', '100 Sheikh Zayed Rd, Dubai', 'Receptionist', '1 Palm Jumeirah, Dubai'),
(100000123, 'Tate Page', '200 JBR Walk, Dubai', 'Housekeeper', '1 Palm Jumeirah, Dubai'),
(100000124, 'Esme Reeves', '300 Downtown Blvd, Dubai', 'Concierge', '1 Palm Jumeirah, Dubai'),
(100000125, 'Finnian Frost', '400 Marina Walk, Dubai', 'Chef', '1 Palm Jumeirah, Dubai'),
(100000126, 'Callum Hale', '50 Corniche Rd, Abu Dhabi', 'Manager', '50 Corniche Rd, Abu Dhabi'),
(100000127, 'Lyra Quinn', '60 Al Maryah Island, Abu Dhabi', 'Receptionist', '50 Corniche Rd, Abu Dhabi'),
(100000128, 'Reese Carter', '70 Khalifa St, Abu Dhabi', 'Housekeeper', '50 Corniche Rd, Abu Dhabi'),
(100000129, 'Jonah Blake', '80 Saadiyat Island, Abu Dhabi', 'Concierge', '50 Corniche Rd, Abu Dhabi'),
(100000130, 'Nina Soto', '90 Yas Marina, Abu Dhabi', 'Chef', '50 Corniche Rd, Abu Dhabi'),
(100000131, 'Daisy Fox', '200 Collins St, Melbourne', 'Manager', '200 Collins St, Melbourne'),
(100000132, 'Felix Rhodes', '100 Lonsdale St, Melbourne', 'Receptionist', '200 Collins St, Melbourne'),
(100000133, 'Mila Grant', '300 Spencer St, Melbourne', 'Housekeeper', '200 Collins St, Melbourne'),
(100000134, 'Theo Hart', '400 Bourke St, Melbourne', 'Concierge', '200 Collins St, Melbourne'),
(100000135, 'Zara Nguyen', '500 Flinders St, Melbourne', 'Chef', '200 Collins St, Melbourne'),
(100000136, 'Oscar Vega', '100 Flinders St, Melbourne', 'Manager', '100 Flinders St, Melbourne'),
(100000137, 'Ivy Mason', '200 Swanston St, Melbourne', 'Receptionist', '100 Flinders St, Melbourne'),
(100000138, 'Levi Dawson', '300 King St, Melbourne', 'Housekeeper', '100 Flinders St, Melbourne'),
(100000139, 'Hazel Park', '400 Queen St, Melbourne', 'Concierge', '100 Flinders St, Melbourne'),
(100000140, 'Archer Kim', '500 Little Collins St, Melbourne', 'Chef', '100 Flinders St, Melbourne'),
(100000141, 'Eliza Walsh', '5 Raffles Ave, Singapore', 'Manager', '5 Raffles Ave, Singapore'),
(100000142, 'Finn OConnor', '10 Orchard Rd, Singapore', 'Receptionist', '5 Raffles Ave, Singapore'),
(100000143, 'Lila Brennan', '20 Marina Bay Sands, Singapore', 'Housekeeper', '5 Raffles Ave, Singapore'),
(100000144, 'Kian Patel', '30 Tiong Bahru, Singapore', 'Concierge', '5 Raffles Ave, Singapore'),
(100000145, 'Anya Silva', '40 Jurong East, Singapore', 'Chef', '5 Raffles Ave, Singapore'),
(100000146, 'Jasper Decker', '1 Beach Rd, Cape Town', 'Manager', '1 Beach Rd, Cape Town'),
(100000147, 'Freya Van der Merwe', '10 Long St, Cape Town', 'Receptionist', '1 Beach Rd, Cape Town'),
(100000148, 'Ruben Botha', '20 Kloof St, Cape Town', 'Housekeeper', '1 Beach Rd, Cape Town'),
(100000149, 'Zola Pretorius', '30 Camps Bay Dr, Cape Town', 'Concierge', '1 Beach Rd, Cape Town'),
(100000150, 'Sasha Coetzee', '40 V&A Waterfront, Cape Town', 'Chef', '1 Beach Rd, Cape Town'),
(100000151, 'Lucas Byrne', '10 Victoria Embankment, London', 'Manager', '10 Victoria Embankment, London'),
(100000152, 'Niamh Walsh', '20 Oxford Circus, London', 'Receptionist', '10 Victoria Embankment, London'),
(100000153, 'Eoin Gallagher', '30 Covent Garden, London', 'Housekeeper', '10 Victoria Embankment, London'),
(100000154, 'Cara ONeill', '40 Soho Sq, London', 'Concierge', '10 Victoria Embankment, London'),
(100000155, 'Rory Doyle', '50 Baker St, London', 'Chef', '10 Victoria Embankment, London'),
(100000156, 'Maya Singh', '400 Michigan Ave, Chicago', 'Manager', '400 Michigan Ave, Chicago'),
(100000157, 'Rohan Kapoor', '500 Wacker Dr, Chicago', 'Receptionist', '400 Michigan Ave, Chicago'),
(100000158, 'Priya Sharma', '600 Magnificent Mile, Chicago', 'Housekeeper', '400 Michigan Ave, Chicago'),
(100000159, 'Aarav Patel', '700 Lake Shore Dr, Chicago', 'Concierge', '400 Michigan Ave, Chicago'),
(100000160, 'Sanya Gupta', '800 Millennium Park, Chicago', 'Chef', '400 Michigan Ave, Chicago'),
(100000161, 'Elena Torres', '1 Bayfront Ave, Singapore', 'Manager', '1 Bayfront Ave, Singapore'),
(100000162, 'Mateo Rivera', '20 Marina View, Singapore', 'Receptionist', '1 Bayfront Ave, Singapore'),
(100000163, 'Isabel Cruz', '30 Gardens by the Bay, Singapore', 'Housekeeper', '1 Bayfront Ave, Singapore'),
(100000164, 'Diego Morales', '40 East Coast Park, Singapore', 'Concierge', '1 Bayfront Ave, Singapore'),
(100000165, 'Camila Reyes', '50 Sentosa Gateway, Singapore', 'Chef', '1 Bayfront Ave, Singapore'),
(100000166, 'Liam OBrien', '30 Raffles Ave, Singapore', 'Manager', '30 Raffles Ave, Singapore'),
(100000167, 'Saoirse Flynn', '40 Clarke Quay, Singapore', 'Receptionist', '30 Raffles Ave, Singapore'),
(100000168, 'Cian Murphy', '50 Chinatown Rd, Singapore', 'Housekeeper', '30 Raffles Ave, Singapore'),
(100000169, 'Aoife Kennedy', '60 Little India, Singapore', 'Concierge', '30 Raffles Ave, Singapore'),
(100000170, 'Tadhg Ryan', '70 Geylang Rd, Singapore', 'Chef', '30 Raffles Ave, Singapore'),
(100000171, 'Hana Thompson', '100 Queen St, Auckland', 'Manager', '100 Queen St, Auckland'),
(100000172, 'Tai Ngata', '200 Ponsonby Rd, Auckland', 'Receptionist', '100 Queen St, Auckland'),
(100000173, 'Manaia Wilson', '300 Karangahape Rd, Auckland', 'Housekeeper', '100 Queen St, Auckland'),
(100000174, 'Aroha Smith', '400 Devonport, Auckland', 'Concierge', '100 Queen St, Auckland'),
(100000175, 'Tane Williams', '500 Parnell Rise, Auckland', 'Chef', '100 Queen St, Auckland'),
(100000176, 'Lachlan Murray', '50 Darling Harbour, Sydney', 'Manager', '50 Darling Harbour, Sydney'),
(100000177, 'Matilda Clarke', '60 Pyrmont St, Sydney', 'Receptionist', '50 Darling Harbour, Sydney'),
(100000178, 'Harrison Wood', '70 Barangaroo, Sydney', 'Housekeeper', '50 Darling Harbour, Sydney'),
(100000179, 'Evie Banks', '80 The Rocks, Sydney', 'Concierge', '50 Darling Harbour, Sydney'),
(100000180, 'Archie Bell', '90 Circular Quay, Sydney', 'Chef', '50 Darling Harbour, Sydney'),
(100000181, 'Sienna Lee', '200 Robson St, Vancouver', 'Manager', '200 Robson St, Vancouver'),
(100000182, 'Kai Zhang', '300 Gastown, Vancouver', 'Receptionist', '200 Robson St, Vancouver'),
(100000183, 'Mei Chen', '400 Yaletown, Vancouver', 'Housekeeper', '200 Robson St, Vancouver'),
(100000184, 'Raj Patel', '500 Commercial Dr, Vancouver', 'Concierge', '200 Robson St, Vancouver'),
(100000185, 'Amara Singh', '600 Kitsilano, Vancouver', 'Chef', '200 Robson St, Vancouver'),
(100000186, 'Jasper Wu', '300 Robson St, Vancouver', 'Manager', '300 Robson St, Vancouver'),
(100000187, 'Lina Kim', '400 Granville Isl, Vancouver', 'Receptionist', '300 Robson St, Vancouver'),
(100000188, 'Hiroshi Tanaka', '500 Main St, Vancouver', 'Housekeeper', '300 Robson St, Vancouver'),
(100000189, 'Yuki Nakamura', '600 Coal Harbour, Vancouver', 'Concierge', '300 Robson St, Vancouver'),
(100000190, 'Sora Ito', '700 West End, Vancouver', 'Chef', '300 Robson St, Vancouver'),
(100000191, 'Ethan Taylor', '1 Queen St, Brisbane', 'Manager', '1 Queen St, Brisbane'),
(100000192, 'Chloe Brown', '200 South Bank, Brisbane', 'Receptionist', '1 Queen St, Brisbane'),
(100000193, 'Lucas Wilson', '300 Fortitude Valley, Brisbane', 'Housekeeper', '1 Queen St, Brisbane'),
(100000194, 'Olivia Green', '400 Kangaroo Point, Brisbane', 'Concierge', '1 Queen St, Brisbane'),
(100000195, 'Noah White', '500 Paddington, Brisbane', 'Chef', '1 Queen St, Brisbane'),
(100000196, 'Ava Harris', '50 Kurr a Beach, Gold Coast', 'Manager', '50 Kurr a Beach, Gold Coast'),
(100000197, 'Liam Martin', '100 Surfers Paradise, Gold Coast', 'Receptionist', '50 Kurr a Beach, Gold Coast'),
(100000198, 'Mia Thompson', '200 Broadbeach, Gold Coast', 'Housekeeper', '50 Kurr a Beach, Gold Coast'),
(100000199, 'James Davis', '300 Burleigh Heads, Gold Coast', 'Concierge', '50 Kurr a Beach, Gold Coast'),
(100000200, 'Sophia Wilson', '400 Coolangatta, Gold Coast', 'Chef', '50 Kurr a Beach, Gold Coast');

/* Rooms */

INSERT INTO Room (roomNumber, price, amenities, problems, extendable, viewType, capacity, hotelAddress) VALUES
(101, 100.00, 'TV, Wi-Fi', 'None', TRUE, 'mountain view', 1, '123 Broadway, NYC'),
(102, 180.00, 'TV, Wi-Fi, Mini-bar', 'None', TRUE, 'sea view', 2, '123 Broadway, NYC'),
(103, 200.00, 'TV, Wi-Fi, Safe', 'Minor AC issue', FALSE, 'mountain view', 3, '123 Broadway, NYC'),
(104, 300.00, 'TV, Wi-Fi, Mini-bar, Balcony', 'None', TRUE, 'sea view', 4, '123 Broadway, NYC'),
(105, 350.00, 'TV, Wi-Fi, Jacuzzi', 'None', FALSE, 'mountain view', 5, '123 Broadway, NYC'),
(201, 110.00, 'TV, Wi-Fi', 'None', TRUE, 'mountain view', 1, '456 5th Ave, NYC'),
(202, 190.00, 'TV, Wi-Fi, Mini-bar', 'None', TRUE, 'sea view', 2, '456 5th Ave, NYC'),
(203, 210.00, 'TV, Wi-Fi, Safe', 'None', FALSE, 'mountain view', 3, '456 5th Ave, NYC'),
(204, 310.00, 'TV, Wi-Fi, Balcony', 'Temporary carpet stain', TRUE, 'sea view', 4, '456 5th Ave, NYC'),
(205, 360.00, 'TV, Wi-Fi, Jacuzzi', 'None', FALSE, 'mountain view', 5, '456 5th Ave, NYC'),
(301, 120.00, 'TV, Wi-Fi', 'None', TRUE, 'sea view', 1, '789 Sunset Blvd, LA'),
(302, 200.00, 'TV, Wi-Fi, Mini-bar', 'None', TRUE, 'mountain view', 2, '789 Sunset Blvd, LA'),
(303, 220.00, 'TV, Wi-Fi, Safe', 'None', FALSE, 'sea view', 3, '789 Sunset Blvd, LA'),
(304, 320.00, 'TV, Wi-Fi, Balcony', 'None', TRUE, 'mountain view', 4, '789 Sunset Blvd, LA'),
(305, 370.00, 'TV, Wi-Fi, Jacuzzi', 'None', FALSE, 'sea view', 5, '789 Sunset Blvd, LA'),
(401, 150.00, 'TV, Wi-Fi', 'None', TRUE, 'sea view', 1, '101 Ocean Dr, Miami'),
(402, 220.00, 'TV, Wi-Fi, Mini-bar', 'None', TRUE, 'sea view', 2, '101 Ocean Dr, Miami'),
(403, 250.00, 'TV, Wi-Fi, Safe', 'None', FALSE, 'sea view', 3, '101 Ocean Dr, Miami'),
(404, 350.00, 'TV, Wi-Fi, Balcony', 'None', TRUE, 'sea view', 4, '101 Ocean Dr, Miami'),
(405, 400.00, 'TV, Wi-Fi, Jacuzzi', 'None', FALSE, 'sea view', 5, '101 Ocean Dr, Miami'),
(501, 100.00, 'TV, Wi-Fi', 'None', TRUE, 'mountain view', 1, '202 Michigan Ave, Chicago'),
(502, 180.00, 'TV, Wi-Fi, Mini-bar', 'None', TRUE, 'mountain view', 2, '202 Michigan Ave, Chicago'),
(503, 200.00, 'TV, Wi-Fi, Safe', 'None', FALSE, 'mountain view', 3, '202 Michigan Ave, Chicago'),
(504, 300.00, 'TV, Wi-Fi, Balcony', 'None', TRUE, 'mountain view', 4, '202 Michigan Ave, Chicago'),
(505, 350.00, 'TV, Wi-Fi, Jacuzzi', 'None', FALSE, 'mountain view', 5, '202 Michigan Ave, Chicago'),
(601, 120.00, 'TV, Wi-Fi', 'None', TRUE, 'mountain view', 1, '1 Champs-Élysées, Paris'),
(602, 200.00, 'TV, Wi-Fi, Mini-bar', 'None', TRUE, 'sea view', 2, '1 Champs-Élysées, Paris'),
(603, 240.00, 'TV, Wi-Fi, Safe', 'None', FALSE, 'mountain view', 3, '1 Champs-Élysées, Paris'),
(604, 340.00, 'TV, Wi-Fi, Balcony', 'None', TRUE, 'sea view', 4, '1 Champs-Élysées, Paris'),
(605, 390.00, 'TV, Wi-Fi, Jacuzzi', 'None', FALSE, 'mountain view', 5, '1 Champs-Élysées, Paris'),
(701, 130.00, 'TV, Wi-Fi', 'None', TRUE, 'sea view', 1, '50 Kensington Rd, London'),
(702, 210.00, 'TV, Wi-Fi, Mini-bar', 'None', TRUE, 'mountain view', 2, '50 Kensington Rd, London'),
(703, 250.00, 'TV, Wi-Fi, Safe', 'None', FALSE, 'sea view', 3, '50 Kensington Rd, London'),
(704, 330.00, 'TV, Wi-Fi, Balcony', 'None', TRUE, 'mountain view', 4, '50 Kensington Rd, London'),
(705, 380.00, 'TV, Wi-Fi, Jacuzzi', 'None', FALSE, 'sea view', 5, '50 Kensington Rd, London'),
(801, 150.00, 'TV, Wi-Fi', 'None', TRUE, 'sea view', 1, '100 Harbour Front, Singapore'),
(802, 230.00, 'TV, Wi-Fi, Mini-bar', 'None', TRUE, 'sea view', 2, '100 Harbour Front, Singapore'),
(803, 270.00, 'TV, Wi-Fi, Safe', 'None', FALSE, 'sea view', 3, '100 Harbour Front, Singapore'),
(804, 370.00, 'TV, Wi-Fi, Balcony', 'None', TRUE, 'sea view', 4, '100 Harbour Front, Singapore'),
(805, 420.00, 'TV, Wi-Fi, Jacuzzi', 'None', FALSE, 'sea view', 5, '100 Harbour Front, Singapore'),
(901, 130.00, 'TV, Wi-Fi', 'None', TRUE, 'mountain view', 1, '200 Granville St, Vancouver'),
(902, 210.00, 'TV, Wi-Fi, Mini-bar', 'None', TRUE, 'mountain view', 2, '200 Granville St, Vancouver'),
(903, 230.00, 'TV, Wi-Fi, Safe', 'None', FALSE, 'mountain view', 3, '200 Granville St, Vancouver'),
(904, 330.00, 'TV, Wi-Fi, Balcony', 'None', TRUE, 'mountain view', 4, '200 Granville St, Vancouver'),
(905, 380.00, 'TV, Wi-Fi, Jacuzzi', 'None', FALSE, 'mountain view', 5, '200 Granville St, Vancouver'),
(1001, 120.00, 'TV, Wi-Fi', 'None', TRUE, 'sea view', 1, '300 Granville St, Vancouver'),
(1002, 190.00, 'TV, Wi-Fi, Mini-bar', 'None', TRUE, 'mountain view', 2, '300 Granville St, Vancouver'),
(1003, 210.00, 'TV, Wi-Fi, Safe', 'None', FALSE, 'sea view', 3, '300 Granville St, Vancouver'),
(1004, 290.00, 'TV, Wi-Fi, Balcony', 'None', TRUE, 'mountain view', 4, '300 Granville St, Vancouver'),
(1005, 340.00, 'TV, Wi-Fi, Jacuzzi', 'None', FALSE, 'sea view', 5, '300 Granville St, Vancouver'),
(1101, 110.00, 'TV, Wi-Fi', 'None', TRUE, 'sea view', 1, '500 Bourke St, Melbourne'),
(1102, 190.00, 'TV, Wi-Fi, Mini-bar', 'None', TRUE, 'mountain view', 2, '500 Bourke St, Melbourne'),
(1103, 230.00, 'TV, Wi-Fi, Safe', 'None', FALSE, 'sea view', 3, '500 Bourke St, Melbourne'),
(1104, 310.00, 'TV, Wi-Fi, Balcony', 'None', TRUE, 'mountain view', 4, '500 Bourke St, Melbourne'),
(1105, 360.00, 'TV, Wi-Fi, Jacuzzi', 'None', FALSE, 'sea view', 5, '500 Bourke St, Melbourne'),
(1201, 140.00, 'TV, Wi-Fi', 'None', TRUE, 'sea view', 1, '1 Circular Quay, Sydney'),
(1202, 220.00, 'TV, Wi-Fi, Mini-bar', 'None', TRUE, 'sea view', 2, '1 Circular Quay, Sydney'),
(1203, 260.00, 'TV, Wi-Fi, Safe', 'None', FALSE, 'sea view', 3, '1 Circular Quay, Sydney'),
(1204, 350.00, 'TV, Wi-Fi, Balcony', 'None', TRUE, 'sea view', 4, '1 Circular Quay, Sydney'),
(1205, 400.00, 'TV, Wi-Fi, Jacuzzi', 'None', FALSE, 'sea view', 5, '1 Circular Quay, Sydney'),
(1301, 100.00, 'TV, Wi-Fi', 'None', TRUE, 'mountain view', 1, '1500 K St NW, Washington'),
(1302, 170.00, 'TV, Wi-Fi, Mini-bar', 'None', TRUE, 'mountain view', 2, '1500 K St NW, Washington'),
(1303, 210.00, 'TV, Wi-Fi, Safe', 'None', FALSE, 'mountain view', 3, '1500 K St NW, Washington'),
(1304, 290.00, 'TV, Wi-Fi, Balcony', 'None', TRUE, 'mountain view', 4, '1500 K St NW, Washington'),
(1305, 340.00, 'TV, Wi-Fi, Jacuzzi', 'None', FALSE, 'mountain view', 5, '1500 K St NW, Washington'),
(1401, 120.00, 'TV, Wi-Fi', 'None', TRUE, 'sea view', 1, '88 Queens Quay W, Toronto'),
(1402, 190.00, 'TV, Wi-Fi, Mini-bar', 'None', TRUE, 'mountain view', 2, '88 Queens Quay W, Toronto'),
(1403, 230.00, 'TV, Wi-Fi, Safe', 'None', FALSE, 'sea view', 3, '88 Queens Quay W, Toronto'),
(1404, 320.00, 'TV, Wi-Fi, Balcony', 'None', TRUE, 'mountain view', 4, '88 Queens Quay W, Toronto'),
(1405, 370.00, 'TV, Wi-Fi, Jacuzzi', 'None', FALSE, 'sea view', 5, '88 Queens Quay W, Toronto'),
(1501, 130.00, 'TV, Wi-Fi', 'None', TRUE, 'mountain view', 1, '123 Las Vegas Blvd, Vegas'),
(1502, 200.00, 'TV, Wi-Fi, Mini-bar', 'None', TRUE, 'mountain view', 2, '123 Las Vegas Blvd, Vegas'),
(1503, 240.00, 'TV, Wi-Fi, Safe', 'None', FALSE, 'mountain view', 3, '123 Las Vegas Blvd, Vegas'),
(1504, 330.00, 'TV, Wi-Fi, Balcony', 'None', TRUE, 'mountain view', 4, '123 Las Vegas Blvd, Vegas'),
(1505, 380.00, 'TV, Wi-Fi, Jacuzzi', 'None', FALSE, 'mountain view', 5, '123 Las Vegas Blvd, Vegas'),
(1601, 110.00, 'TV, Wi-Fi', 'None', TRUE, 'sea view', 1, '400 Pike St, Seattle'),
(1602, 180.00, 'TV, Wi-Fi, Mini-bar', 'None', TRUE, 'sea view', 2, '400 Pike St, Seattle'),
(1603, 220.00, 'TV, Wi-Fi, Safe', 'None', FALSE, 'sea view', 3, '400 Pike St, Seattle'),
(1604, 310.00, 'TV, Wi-Fi, Balcony', 'None', TRUE, 'sea view', 4, '400 Pike St, Seattle'),
(1605, 360.00, 'TV, Wi-Fi, Jacuzzi', 'None', FALSE, 'sea view', 5, '400 Pike St, Seattle'),
(1701, 110.00, 'TV, Wi-Fi', 'None', TRUE, 'mountain view', 1, '200 Rue du Faubourg, Paris'),
(1702, 170.00, 'TV, Wi-Fi, Mini-bar', 'None', TRUE, 'mountain view', 2, '200 Rue du Faubourg, Paris'),
(1703, 220.00, 'TV, Wi-Fi, Safe', 'None', FALSE, 'mountain view', 3, '200 Rue du Faubourg, Paris'),
(1704, 270.00, 'TV, Wi-Fi, Balcony', 'None', TRUE, 'mountain view', 4, '200 Rue du Faubourg, Paris'),
(1705, 320.00, 'TV, Wi-Fi, Jacuzzi', 'None', FALSE, 'mountain view', 5, '200 Rue du Faubourg, Paris'),
(1801, 130.00, 'TV, Wi-Fi', 'None', TRUE, 'sea view', 1, '300 Rue du Faubourg, Paris'),
(1802, 200.00, 'TV, Wi-Fi, Mini-bar', 'None', TRUE, 'mountain view', 2, '300 Rue du Faubourg, Paris'),
(1803, 240.00, 'TV, Wi-Fi, Safe', 'None', FALSE, 'sea view', 3, '300 Rue du Faubourg, Paris'),
(1804, 310.00, 'TV, Wi-Fi, Balcony', 'None', TRUE, 'mountain view', 4, '300 Rue du Faubourg, Paris'),
(1805, 360.00, 'TV, Wi-Fi, Jacuzzi', 'None', FALSE, 'sea view', 5, '300 Rue du Faubourg, Paris'),
(1901, 130.00, 'TV, Wi-Fi', 'None', TRUE, 'mountain view', 1, '1 Shinjuku, Tokyo'),
(1902, 210.00, 'TV, Wi-Fi, Mini-bar', 'None', TRUE, 'sea view', 2, '1 Shinjuku, Tokyo'),
(1903, 250.00, 'TV, Wi-Fi, Safe', 'None', FALSE, 'mountain view', 3, '1 Shinjuku, Tokyo'),
(1904, 340.00, 'TV, Wi-Fi, Balcony', 'None', TRUE, 'sea view', 4, '1 Shinjuku, Tokyo'),
(1905, 390.00, 'TV, Wi-Fi, Jacuzzi', 'None', FALSE, 'mountain view', 5, '1 Shinjuku, Tokyo'),
(2001, 140.00, 'TV, Wi-Fi', 'None', TRUE, 'sea view', 1, '5 Ginza, Tokyo'),
(2002, 220.00, 'TV, Wi-Fi, Mini-bar', 'None', TRUE, 'mountain view', 2, '5 Ginza, Tokyo'),
(2003, 260.00, 'TV, Wi-Fi, Safe', 'None', FALSE, 'sea view', 3, '5 Ginza, Tokyo'),
(2004, 350.00, 'TV, Wi-Fi, Balcony', 'None', TRUE, 'mountain view', 4, '5 Ginza, Tokyo'),
(2005, 400.00, 'TV, Wi-Fi, Jacuzzi', 'None', FALSE, 'sea view', 5, '5 Ginza, Tokyo'),
(2101, 120.00, 'TV, Wi-Fi', 'None', TRUE, 'sea view', 1, '10 Collins St, Melbourne'),
(2102, 190.00, 'TV, Wi-Fi, Mini-bar', 'None', TRUE, 'sea view', 2, '10 Collins St, Melbourne'),
(2103, 230.00, 'TV, Wi-Fi, Safe', 'None', FALSE, 'sea view', 3, '10 Collins St, Melbourne'),
(2104, 320.00, 'TV, Wi-Fi, Balcony', 'None', TRUE, 'sea view', 4, '10 Collins St, Melbourne'),
(2105, 370.00, 'TV, Wi-Fi, Jacuzzi', 'None', FALSE, 'sea view', 5, '10 Collins St, Melbourne'),
(2201, 150.00, 'TV, Wi-Fi', 'None', TRUE, 'sea view', 1, '50 George St, Sydney'),
(2202, 230.00, 'TV, Wi-Fi, Mini-bar', 'None', TRUE, 'sea view', 2, '50 George St, Sydney'),
(2203, 270.00, 'TV, Wi-Fi, Safe', 'None', FALSE, 'sea view', 3, '50 George St, Sydney'),
(2204, 360.00, 'TV, Wi-Fi, Balcony', 'None', TRUE, 'sea view', 4, '50 George St, Sydney'),
(2205, 410.00, 'TV, Wi-Fi, Jacuzzi', 'None', FALSE, 'sea view', 5, '50 George St, Sydney'),
(2301, 160.00, 'TV, Wi-Fi', 'None', TRUE, 'sea view', 1, '100 Orchard Rd, Singapore'),  
(2302, 240.00, 'TV, Wi-Fi, Mini-bar', 'None', TRUE, 'sea view', 2, '100 Orchard Rd, Singapore'),  
(2303, 280.00, 'TV, Wi-Fi, Safe', 'None', FALSE, 'sea view', 3, '100 Orchard Rd, Singapore'),  
(2304, 380.00, 'TV, Wi-Fi, Balcony', 'None', TRUE, 'sea view', 4, '100 Orchard Rd, Singapore'),  
(2305, 430.00, 'TV, Wi-Fi, Jacuzzi', 'None', FALSE, 'sea view', 5, '100 Orchard Rd, Singapore'),  
(2401, 120.00, 'TV, Wi-Fi', 'None', TRUE, 'sea view', 1, '8 Connaught Rd, Hong Kong'),
(2402, 200.00, 'TV, Wi-Fi, Mini-bar', 'None', TRUE, 'mountain view', 2, '8 Connaught Rd, Hong Kong'),
(2403, 240.00, 'TV, Wi-Fi, Safe', 'None', FALSE, 'sea view', 3, '8 Connaught Rd, Hong Kong'),
(2404, 340.00, 'TV, Wi-Fi, Balcony', 'None', TRUE, 'mountain view', 4, '8 Connaught Rd, Hong Kong'),
(2405, 390.00, 'TV, Wi-Fi, Jacuzzi', 'None', FALSE, 'sea view', 5, '8 Connaught Rd, Hong Kong'),
(2501, 200.00, 'TV, Wi-Fi', 'None', TRUE, 'sea view', 1, '1 Palm Jumeirah, Dubai'),
(2502, 280.00, 'TV, Wi-Fi, Mini-bar', 'None', TRUE, 'sea view', 2, '1 Palm Jumeirah, Dubai'),
(2503, 320.00, 'TV, Wi-Fi, Safe', 'None', FALSE, 'sea view', 3, '1 Palm Jumeirah, Dubai'),
(2504, 400.00, 'TV, Wi-Fi, Balcony', 'None', TRUE, 'sea view', 4, '1 Palm Jumeirah, Dubai'),
(2505, 450.00, 'TV, Wi-Fi, Jacuzzi', 'None', FALSE, 'sea view', 5, '1 Palm Jumeirah, Dubai'),
(2601, 180.00, 'TV, Wi-Fi', 'None', TRUE, 'sea view', 1, '50 Corniche Rd, Abu Dhabi'),
(2602, 250.00, 'TV, Wi-Fi, Mini-bar', 'None', TRUE, 'mountain view', 2, '50 Corniche Rd, Abu Dhabi'),
(2603, 300.00, 'TV, Wi-Fi, Safe', 'None', FALSE, 'sea view', 3, '50 Corniche Rd, Abu Dhabi'),
(2604, 380.00, 'TV, Wi-Fi, Balcony', 'None', TRUE, 'mountain view', 4, '50 Corniche Rd, Abu Dhabi'),
(2605, 420.00, 'TV, Wi-Fi, Jacuzzi', 'None', FALSE, 'sea view', 5, '50 Corniche Rd, Abu Dhabi'),
(2701, 110.00, 'TV, Wi-Fi', 'None', TRUE, 'mountain view', 1, '200 Collins St, Melbourne'),  
(2702, 180.00, 'TV, Wi-Fi, Mini-bar', 'None', TRUE, 'sea view', 2, '200 Collins St, Melbourne'),  
(2703, 220.00, 'TV, Wi-Fi, Safe', 'None', FALSE, 'mountain view', 3, '200 Collins St, Melbourne'),  
(2704, 300.00, 'TV, Wi-Fi, Balcony', 'None', TRUE, 'sea view', 4, '200 Collins St, Melbourne'),  
(2705, 350.00, 'TV, Wi-Fi, Jacuzzi', 'None', FALSE, 'mountain view', 5, '200 Collins St, Melbourne'),   
(2801, 100.00, 'TV, Wi-Fi', 'None', TRUE, 'mountain view', 1, '100 Flinders St, Melbourne'),  
(2802, 170.00, 'TV, Wi-Fi, Mini-bar', 'None', TRUE, 'mountain view', 2, '100 Flinders St, Melbourne'),  
(2803, 210.00, 'TV, Wi-Fi, Safe', 'None', FALSE, 'mountain view', 3, '100 Flinders St, Melbourne'),  
(2804, 290.00, 'TV, Wi-Fi, Balcony', 'None', TRUE, 'mountain view', 4, '100 Flinders St, Melbourne'),  
(2805, 340.00, 'TV, Wi-Fi, Jacuzzi', 'None', FALSE, 'mountain view', 5, '100 Flinders St, Melbourne'),   
(2901, 150.00, 'TV, Wi-Fi', 'None', TRUE, 'sea view', 1, '5 Raffles Ave, Singapore'),  
(2902, 230.00, 'TV, Wi-Fi, Mini-bar', 'None', TRUE, 'sea view', 2, '5 Raffles Ave, Singapore'),  
(2903, 270.00, 'TV, Wi-Fi, Safe', 'None', FALSE, 'sea view', 3, '5 Raffles Ave, Singapore'),  
(2904, 370.00, 'TV, Wi-Fi, Balcony', 'None', TRUE, 'sea view', 4, '5 Raffles Ave, Singapore'),  
(2905, 420.00, 'TV, Wi-Fi, Jacuzzi', 'None', FALSE, 'sea view', 5, '5 Raffles Ave, Singapore'),
(3001, 170.00, 'TV, Wi-Fi', 'None', TRUE, 'sea view', 1, '1 Beach Rd, Cape Town'),  
(3002, 250.00, 'TV, Wi-Fi, Mini-bar', 'None', TRUE, 'sea view', 2, '1 Beach Rd, Cape Town'),  
(3003, 290.00, 'TV, Wi-Fi, Safe', 'None', FALSE, 'sea view', 3, '1 Beach Rd, Cape Town'),  
(3004, 380.00, 'TV, Wi-Fi, Balcony', 'Temporary carpet stain', TRUE, 'sea view', 4, '1 Beach Rd, Cape Town'),  
(3005, 430.00, 'TV, Wi-Fi, Jacuzzi', 'None', FALSE, 'sea view', 5, '1 Beach Rd, Cape Town'),
(3101, 140.00, 'TV, Wi-Fi', 'None', TRUE, 'mountain view', 1, '10 Victoria Embankment, London'),  
(3102, 220.00, 'TV, Wi-Fi, Mini-bar', 'None', TRUE, 'sea view', 2, '10 Victoria Embankment, London'),  
(3103, 260.00, 'TV, Wi-Fi, Safe', 'None', FALSE, 'mountain view', 3, '10 Victoria Embankment, London'),  
(3104, 350.00, 'TV, Wi-Fi, Balcony', 'None', TRUE, 'sea view', 4, '10 Victoria Embankment, London'),  
(3105, 400.00, 'TV, Wi-Fi, Jacuzzi', 'None', FALSE, 'mountain view', 5, '10 Victoria Embankment, London'),  
(3201, 120.00, 'TV, Wi-Fi', 'None', TRUE, 'mountain view', 1, '400 Michigan Ave, Chicago'),  
(3202, 190.00, 'TV, Wi-Fi, Mini-bar', 'None', TRUE, 'mountain view', 2, '400 Michigan Ave, Chicago'),  
(3203, 230.00, 'TV, Wi-Fi, Safe', 'None', FALSE, 'mountain view', 3, '400 Michigan Ave, Chicago'),  
(3204, 310.00, 'TV, Wi-Fi, Balcony', 'None', TRUE, 'mountain view', 4, '400 Michigan Ave, Chicago'),  
(3205, 360.00, 'TV, Wi-Fi, Jacuzzi', 'None', FALSE, 'mountain view', 5, '400 Michigan Ave, Chicago'),
(3301, 220.00, 'TV, Wi-Fi', 'None', TRUE, 'sea view', 1, '1 Bayfront Ave, Singapore'),
(3302, 300.00, 'TV, Wi-Fi, Mini-bar', 'None', TRUE, 'sea view', 2, '1 Bayfront Ave, Singapore'),
(3303, 350.00, 'TV, Wi-Fi, Safe', 'None', FALSE, 'sea view', 3, '1 Bayfront Ave, Singapore'),
(3304, 420.00, 'TV, Wi-Fi, Balcony', 'None', TRUE, 'sea view', 4, '1 Bayfront Ave, Singapore'),
(3305, 480.00, 'TV, Wi-Fi, Jacuzzi', 'None', FALSE, 'sea view', 5, '1 Bayfront Ave, Singapore'),
(3401, 200.00, 'TV, Wi-Fi', 'None', TRUE, 'sea view', 1, '30 Raffles Ave, Singapore'),
(3402, 270.00, 'TV, Wi-Fi, Mini-bar', 'None', TRUE, 'mountain view', 2, '30 Raffles Ave, Singapore'),
(3403, 320.00, 'TV, Wi-Fi, Safe', 'None', FALSE, 'sea view', 3, '30 Raffles Ave, Singapore'),
(3404, 390.00, 'TV, Wi-Fi, Balcony', 'None', TRUE, 'mountain view', 4, '30 Raffles Ave, Singapore'),
(3405, 440.00, 'TV, Wi-Fi, Jacuzzi', 'None', FALSE, 'sea view', 5, '30 Raffles Ave, Singapore'),
(3501, 130.00, 'TV, Wi-Fi', 'None', TRUE, 'sea view', 1, '100 Queen St, Auckland'),  
(3502, 210.00, 'TV, Wi-Fi, Mini-bar', 'None', TRUE, 'sea view', 2, '100 Queen St, Auckland'),  
(3503, 250.00, 'TV, Wi-Fi, Safe', 'None', FALSE, 'sea view', 3, '100 Queen St, Auckland'),  
(3504, 330.00, 'TV, Wi-Fi, Balcony', 'None', TRUE, 'sea view', 4, '100 Queen St, Auckland'),  
(3505, 380.00, 'TV, Wi-Fi, Jacuzzi', 'None', FALSE, 'sea view', 5, '100 Queen St, Auckland'),
(3601, 150.00, 'TV, Wi-Fi', 'None', TRUE, 'sea view', 1, '50 Darling Harbour, Sydney'),  
(3602, 230.00, 'TV, Wi-Fi, Mini-bar', 'None', TRUE, 'sea view', 2, '50 Darling Harbour, Sydney'),  
(3603, 270.00, 'TV, Wi-Fi, Safe', 'None', FALSE, 'sea view', 3, '50 Darling Harbour, Sydney'),  
(3604, 360.00, 'TV, Wi-Fi, Balcony', 'None', TRUE, 'sea view', 4, '50 Darling Harbour, Sydney'),  
(3605, 410.00, 'TV, Wi-Fi, Jacuzzi', 'None', FALSE, 'sea view', 5, '50 Darling Harbour, Sydney'),  
(3701, 120.00, 'TV, Wi-Fi', 'None', TRUE, 'mountain view', 1, '200 Robson St, Vancouver'),  
(3702, 190.00, 'TV, Wi-Fi, Mini-bar', 'None', TRUE, 'sea view', 2, '200 Robson St, Vancouver'),  
(3703, 230.00, 'TV, Wi-Fi, Safe', 'None', FALSE, 'mountain view', 3, '200 Robson St, Vancouver'),  
(3704, 310.00, 'TV, Wi-Fi, Balcony', 'None', TRUE, 'sea view', 4, '200 Robson St, Vancouver'),  
(3705, 360.00, 'TV, Wi-Fi, Jacuzzi', 'None', FALSE, 'mountain view', 5, '200 Robson St, Vancouver'),  
(3801, 110.00, 'TV, Wi-Fi', 'None', TRUE, 'mountain view', 1, '300 Robson St, Vancouver'),  
(3802, 180.00, 'TV, Wi-Fi, Mini-bar', 'None', TRUE, 'mountain view', 2, '300 Robson St, Vancouver'),  
(3803, 220.00, 'TV, Wi-Fi, Safe', 'None', FALSE, 'mountain view', 3, '300 Robson St, Vancouver'),  
(3804, 300.00, 'TV, Wi-Fi, Balcony', 'None', TRUE, 'mountain view', 4, '300 Robson St, Vancouver'),  
(3805, 350.00, 'TV, Wi-Fi, Jacuzzi', 'None', FALSE, 'mountain view', 5, '300 Robson St, Vancouver'),  
(3901, 130.00, 'TV, Wi-Fi', 'None', TRUE, 'sea view', 1, '1 Queen St, Brisbane'),  
(3902, 210.00, 'TV, Wi-Fi, Mini-bar', 'None', TRUE, 'sea view', 2, '1 Queen St, Brisbane'),  
(3903, 250.00, 'TV, Wi-Fi, Safe', 'None', FALSE, 'sea view', 3, '1 Queen St, Brisbane'),  
(3904, 340.00, 'TV, Wi-Fi, Balcony', 'None', TRUE, 'sea view', 4, '1 Queen St, Brisbane'),  
(3905, 390.00, 'TV, Wi-Fi, Jacuzzi', 'None', FALSE, 'sea view', 5, '1 Queen St, Brisbane'),
(4001, 160.00, 'TV, Wi-Fi', 'None', TRUE, 'sea view', 1, '50 Kurr a Beach, Gold Coast'),  
(4002, 240.00, 'TV, Wi-Fi, Mini-bar', 'None', TRUE, 'sea view', 2, '50 Kurr a Beach, Gold Coast'),  
(4003, 280.00, 'TV, Wi-Fi, Safe', 'None', FALSE, 'sea view', 3, '50 Kurr a Beach, Gold Coast'),  
(4004, 370.00, 'TV, Wi-Fi, Balcony', 'None', TRUE, 'sea view', 4, '50 Kurr a Beach, Gold Coast'),  
(4005, 420.00, 'TV, Wi-Fi, Jacuzzi', 'None', FALSE, 'sea view', 5, '50 Kurr a Beach, Gold Coast');  

/* Customers */
INSERT INTO Customer (customerID, fullName, address) VALUES
('TC001', 'Tomm Cruz', '789 Maverick St, LA'),
('JD002', 'Jonny Deppp', '456 Pirate Ln, Bahamas'),
('BK003', 'Beyoncé Knowls', '321 SingleLadies Rd, TX'),
('TS004', 'Tailor Swiff', '1989 Album Ave, Nashville'),
('DW005', 'Denzel Washingtun', '404 Oscar Rd, NYC'),
('SW006', 'Serena Willioms', '15 Tennis Ct, FL'),
('EC007', 'Emilia Clarkee', '777 Dragon Ln, UK'),
('CR008', 'Cristiano Ronaldu', '7 Soccer St, Portugal'),
('LM009', 'Lady Gaga', '100 Fame St, NYC'),
('BL010', 'Benedict Cumberlatch', '221B Baker St, London'),
('KH011', 'Kim Kardashian', '200 Reality TV Blvd, LA'),
('RD012', 'Ryan Reynoldz', '123 Deadpool Way, Vancouver'),
('AB013', 'Albert Einstein', '112 Theory Ln, Princeton'),
('MC014', 'Marie Curie', '45 Radium Blvd, Paris'),
('NS015', 'Nikola Tesla', '78 Electric Ave, NYC'),
('GA016', 'Galileo Galilei', '9 Telescope St, Florence'),
('IS017', 'Isaac Newton', '1 Gravity Rd, Cambridge'),
('CF018', 'Charles Darwin', '23 Evolution Dr, London'),
('LS019', 'Leonardo da Vinci', '15 Renaissance Way, Milan'),
('JK020', 'J.K. Rowling', '4 Hogwarts Ln, Edinburgh'),
('GR021', 'George R.R. Martin', '12 Westeros Blvd, Santa Fe'),
('SH022', 'Stephen Hawking', '76 Blackhole Ct, Cambridge'),
('ML023', 'Martin Luther King Jr.', '5 Dream Blvd, Atlanta'),
('AP024', 'Amelia Earhart', '99 Aviation Rd, Kansas'),
('NS025', 'Neil Armstrong', '1 Moonwalk St, Ohio'),
('JK026', 'Jane Austen', '7 Regency Ln, Bath'),
('WM027', 'William Shakespeare', '16 Stratford Ave, London'),
('EM028', 'Elon Musk', '42 Mars Colony Rd, SpaceX'),
('BO029', 'Barack Obama', '1600 Pennsylvania Ave, Washington'),
('TS030', 'Thomas Edison', '33 Lightbulb Blvd, Menlo Park'),
('FR031', 'Franklin D. Roosevelt', '32 New Deal St, Hyde Park'),
('CH032', 'Charlie Chaplin', '88 Silent Film Ln, Hollywood');

/* Bookings */
INSERT INTO Booking (startDate, endDate, roomNumber, customerID) VALUES
('2025-01-01', '2025-01-05', 101, 'TC001'),
('2025-02-10', '2025-02-15', 201, 'TC001'),
('2025-03-20', '2025-03-25', 301, 'JD002'),
('2025-04-05', '2025-04-10', 401, 'JD002'),
('2025-05-15', '2025-05-20', 501, 'BK003'), 
('2025-06-01', '2025-06-05', 601, 'BK003'),
('2025-07-10', '2025-07-15', 701, 'TS004'), 
('2025-08-20', '2025-08-25', 801, 'TS004'),
('2025-09-01', '2025-09-05', 901, 'DW005'), 
('2025-10-10', '2025-10-15', 1001, 'DW005'),
('2025-11-20', '2025-11-25', 1101, 'SW006'),
('2025-12-05', '2025-12-10', 1201, 'SW006'),
('2025-01-01', '2025-01-05', 1301, 'EC007'),
('2025-02-10', '2025-02-15', 1401, 'EC007'),
('2025-03-20', '2025-03-25', 1501, 'CR008'),
('2025-04-05', '2025-04-10', 1601, 'CR008'),
('2025-05-15', '2025-05-20', 1701, 'LM009'),
('2025-06-01', '2025-06-05', 1801, 'LM009'),
('2025-07-10', '2025-07-15', 1901, 'BL010'),
('2025-08-20', '2025-08-25', 2001, 'BL010'),
('2025-09-01', '2025-09-05', 2101, 'KH011'), 
('2025-10-10', '2025-10-15', 2201, 'KH011'), 
('2025-11-20', '2025-11-25', 2301, 'RD012'), 
('2025-12-05', '2025-12-10', 2401, 'RD012'),
('2025-01-10', '2025-01-15', 2501, 'TC001'),
('2025-02-05', '2025-02-10', 2601, 'JD002'),
('2025-03-15', '2025-03-20', 2701, 'BK003'),
('2025-04-01', '2025-04-05', 2801, 'TS004'),
('2025-05-10', '2025-05-15', 2901, 'DW005'),
('2025-06-20', '2025-06-25', 3001, 'SW006'),
('2025-07-05', '2025-07-10', 3101, 'EC007'),
('2025-08-15', '2025-08-20', 3201, 'CR008'),
('2025-09-01', '2025-09-05', 3301, 'LM009'),
('2025-10-10', '2025-10-15', 3401, 'BL010'),
('2025-11-20', '2025-11-25', 3501, 'KH011'),
('2025-12-05', '2025-12-10', 3601, 'RD012'),
('2025-01-20', '2025-01-25', 3701, 'TC001'),
('2025-02-15', '2025-02-20', 3801, 'JD002'),
('2025-03-25', '2025-03-30', 3901, 'BK003'),
('2025-04-10', '2025-04-15', 4001, 'TS004'),
('2025-05-20', '2025-05-25', 2502, 'DW005'),
('2025-06-10', '2025-06-15', 2602, 'SW006'),
('2025-07-20', '2025-07-25', 2702, 'EC007'),
('2025-08-05', '2025-08-10', 2802, 'CR008'),
('2025-09-15', '2025-09-20', 2902, 'LM009'),
('2025-10-01', '2025-10-05', 3002, 'BL010'),
('2025-11-10', '2025-11-15', 3102, 'KH011'),
('2025-12-20', '2025-12-25', 3202, 'RD012');


/* Rentings */
INSERT INTO Renting (paymentInformation, startDate, endDate, employeeID, customerID, roomNumber, bookingID) VALUES
('Credit Card 1234', '2025-01-01', '2025-01-05', '100000002', 'TC001', 101, 1),
('Credit Card 5678', '2025-03-20', '2025-03-25', '100000012', 'JD002', 301, 3),
('Credit Card 9012', '2025-05-15', '2025-05-20', '100000022', 'BK003', 501, 5),
('Credit Card 3456', '2025-07-10', '2025-07-15', '100000032', 'TS004', 701, 7),
('Credit Card 7890', '2025-09-01', '2025-09-05', '100000042', 'DW005', 901, 9),
('Credit Card 1122', '2025-11-20', '2025-11-25', '100000052', 'SW006', 1101, 11),
('Credit Card 3344', '2025-01-01', '2025-01-05', '100000062', 'EC007', 1301, 13),
('Credit Card 5566', '2025-03-20', '2025-03-25', '100000072', 'CR008', 1501, 15),
('Credit Card 7788', '2025-05-15', '2025-05-20', '100000082', 'LM009', 1701, 17),
('Credit Card 9900', '2025-07-10', '2025-07-15', '100000092', 'BL010', 1901, 19),
('Credit Card 1123', '2025-09-01', '2025-09-05', '100000102', 'KH011', 2101, 21),
('Credit Card 4567', '2025-11-20', '2025-11-25', '100000112', 'RD012', 2301, 23),
('Credit Card 2233', '2025-01-10', '2025-01-15', '100000002', 'TC001', 2501, 25),
('Credit Card 3344', '2025-02-05', '2025-02-10', '100000012', 'JD002', 2601, 26),
('Credit Card 4455', '2025-03-15', '2025-03-20', '100000022', 'BK003', 2701, 27),
('Credit Card 5566', '2025-04-01', '2025-04-05', '100000032', 'TS004', 2801, 28),
('Credit Card 6677', '2025-05-10', '2025-05-15', '100000042', 'DW005', 2901, 29),
('Credit Card 7788', '2025-06-20', '2025-06-25', '100000052', 'SW006', 3001, 30),
('Credit Card 8899', '2025-07-05', '2025-07-10', '100000062', 'EC007', 3101, 31),
('Credit Card 9900', '2025-08-15', '2025-08-20', '100000072', 'CR008', 3201, 32),
('Credit Card 1122', '2025-09-01', '2025-09-05', '100000082', 'LM009', 3301, 33),
('Credit Card 2233', '2025-10-10', '2025-10-15', '100000092', 'BL010', 3401, 34),
('Credit Card 3344', '2025-11-20', '2025-11-25', '100000102', 'KH011', 3501, 35),
('Credit Card 4455', '2025-12-05', '2025-12-10', '100000112', 'RD012', 3601, 36),
('Credit Card 5566', '2025-01-20', '2025-01-25', '100000002', 'TC001', 3701, 37),
('Credit Card 6677', '2025-02-15', '2025-02-20', '100000012', 'JD002', 3801, 38),
('Credit Card 7788', '2025-03-25', '2025-03-30', '100000022', 'BK003', 3901, 39),
('Credit Card 8899', '2025-04-10', '2025-04-15', '100000032', 'TS004', 4001, 40),
('Credit Card 9900', '2025-05-20', '2025-05-25', '100000042', 'DW005', 2502, 41),
('Credit Card 1122', '2025-06-10', '2025-06-15', '100000052', 'SW006', 2602, 42),
('Credit Card 2233', '2025-07-20', '2025-07-25', '100000062', 'EC007', 2702, 43),
('Credit Card 3344', '2025-08-05', '2025-08-10', '100000072', 'CR008', 2802, 44),
('Credit Card 4455', '2025-09-15', '2025-09-20', '100000082', 'LM009', 2902, 45),
('Credit Card 5566', '2025-10-01', '2025-10-05', '100000092', 'BL010', 3002, 46),
('Credit Card 6677', '2025-11-10', '2025-11-15', '100000102', 'KH011', 3102, 47),
('Credit Card 7788', '2025-12-20', '2025-12-25', '100000112', 'RD012', 3202, 48);
